{"mean":{"confidence_interval":{"confidence_level":0.95,"lower_bound":0.11455822889026869,"upper_bound":0.15834859177187421},"point_estimate":0.13624685869006226,"standard_error":0.011336618442153135},"median":{"confidence_interval":{"confidence_level":0.95,"lower_bound":0.08813657239848394,"upper_bound":0.10400081499133851},"point_estimate":0.09382538773379778,"standard_error":0.004409998458488187}}